ফ্রান্স এক্সপোর্ট wak and sa,"প্রিন্স (বাংলাদেশ)
ফ্রান্স এর জন  ","  ‪+880 1923‑828655‬

+33 7 54 08 23 15",সরকারি কর্মকর্তার গ্যারান্টি ,Legal document + check,এক্সপোর্ট,"WAK & SA LIMITED
AL-ARAFAH ISLAMI BANK LIMITED PLC
ACCOUNT NUMBER: 0471220008286
BRANCH NAME: COXSBAZAR BRANCH
SWIFT CODE: ALARBDDH076
ROUTING NUMBER: 015220259",ট্রেডিং পার্টনার ,২ লক্ষ টাকা ,২০%+ ,প্রতি মাসে ,বিনিয়োগ নেওয়া চলমান - সুযোগ আছে ,ভালো ,চট্টগ্রাম ,উঠতি 
hr knitting,চয়ন ,01911273653,দক্ষ ব্যবসায়ী এবং উদ্যমী ,চেক ও ডিড ,গার্মেন্টস ,"A/C NAME.: H.R KNIT FASHION LTD.
A/C NUMBER: 523233300002372
Branch: MIRPUR-1 SUB BRANCH.
ROUTING NO.: 260262983
NRBC BANK LTD.",ট্রেডিং পার্টনার ,২ লক্ষ টাকা ,২৪% +- বছরে ,চার মাস ,বিনিয়োগ নেওয়া চলমান - সুযোগ আছে ,ভালো ,মিরপুর ১ ,প্রতিষ্ঠিত 
Corporate Station Bangladesh,wasiur (Founder and CEO),0 1714-315604,সুপার ইয়ং সুপার পজিটিভ। অল্প বয়সে সফল ব্যবসায়ী। মানুষকে আপ্যায়ন করতে পছন্দ করে। নিরহংকারী বন্ধুসুলভ আচরণ দেখলে বিশ্বাস হবে না যে উনি একটি সফল ব্যবসার প্রতিষ্ঠাতা। ,check + document,ফ্যাক্টরি এবং মাল্টিন্যাশনাল কোম্পানির মেশিনারিজ ইম্পোর্ট ও ইন্সটলেশন ,"AC No: 2135216026412
Abdullah Al Sabbir
Pragati Sarani Br.
Prime Bank Ltd 
Routing No:170263706",ট্রডিং পার্টনার,৩ লক্ষ টাকা ,বছরে সম্ভাব্য লাভ 25% (চার মাস পর পর) ,"প্রতি ট্রেড শেষে , সাধারণত চার মাস হয়ে থাকে ",বিনিয়োগ নেওয়া চলমান - সুযোগ আছে ,বিনিয়োগের পরিমাণের সাথে লাভ বাড়বে। মূল ব্যবসার মালিক আপনি হবেন না। আপনি মাল কিনে দিবেন। মাল বিক্রি করে প্রোজেক্ট শেষে লাভ বুঝিয়ে দিবেন।,খিলগাঁও taltola,প্রতিষ্ঠিত কোম্পানি 
agro desh,রাইসুল  (Founder),01986545567,অত্যন্ত মেধাবী এবং ফোকাসড একজন ব্যক্তিত্ব ,check + Legal document,এগ্রো ,এই মুহূর্তে সুযোগ নাই ,ভাড়া বা লিজিং চুক্তি ,১ লক্ষ টাকা , বছরে সম্ভাব্য লাভ 30% (বছরে একবার) ,বছরে একবার ,বিনিয়োগ নেওয়া শেষ - সামনে আবার শুরু হবে ইনশা আল্লাহ ,বিনিয়োগের পরিমাণের সাথে লাভ বাড়বে। মূল ব্যবসার মালিক আপনি হবেন না কারণ আপনি বাগান ভাড়া দিচ্ছেন। ,"উত্তরা এড্রেস 
Asses Tower, TIC Chapra Masjid Joynal Market, Faydabad Uttara 1230 Dhaka. 

আম বাগান: https://maps.app.goo.gl/h9yfZX7C8rYGm11fA

দেওয়ান পাড়া, পাকরী, গোদাগারী, রাজশাহী।",SME
mawazin,mijanur rahman,  01829662348,porisromi o uddomi ekjon babsayi ,Legal document + check,taja mass o frozen fish item,"ACC. NO.-2111100033617
Acc. Name- MAWAZIN BD
Dutch Bangla Bank. Pallabi Branch 
Routing Number 090263581",ট্রেডিং পার্টনার ,২ লাখ , '     +- ২% ,প্রতি মাসে,বিনিয়োগ নেওয়া চলমান - সুযোগ আছে ,ভালো ,"বনশ্রী - ডেমরা রোডের পাশে 📍 Mawazin Limited - 
Live Location- https://maps.app.goo.gl/9vXuHvtvKpBBEn6u6
Address: 140/08, Mirpara, Demra Staff Quarter, Dhaka""",প্রতিষ্ঠিত ব্যবসা 